{"trial_1":{"df":{"bic":{"0":93804.3535159611,"1":89367.7694696919,"2":71653.488856534},"n_breakpoints":{"0":0,"1":1,"2":2},"estimates":{"0":{"const":805.1775953593,"alpha1":2027.6754738004},"1":{"const":{"estimate":-9319.6757766721,"se":215.8543423645,"confidence_interval":[-9742.8421020884,-8896.5094512557],"t_stat":-43.1757622969,"p_t":0.0},"beta1":{"estimate":-3052.3720685631,"se":39.2485536724,"confidence_interval":[-3129.3159282674,-2975.4282088588],"t_stat":-77.7703070039,"p_t":"-"},"breakpoint1":{"estimate":20.7117628436,"se":0.1118263173,"confidence_interval":[20.4925356959,20.9309899913],"t_stat":"-","p_t":"-"},"alpha1":{"estimate":3082.5839832524,"se":17.7702608126,"confidence_interval":[3047.7467134185,3117.4212530863],"t_stat":173.4686967039,"p_t":0.0},"alpha2":{"estimate":30.2119146892,"se":34.9952396195,"confidence_interval":[-38.3936403097,98.8174696882],"t_stat":0.8633149828,"p_t":0.3880045659}},"2":{"const":{"estimate":2928.183780534,"se":52.4266275341,"confidence_interval":[2825.40528131,3030.962279758],"t_stat":55.8529876565,"p_t":0.0},"beta1":{"estimate":7800.7870921905,"se":28.5300641301,"confidence_interval":[7744.8560260133,7856.7181583677],"t_stat":273.423398441,"p_t":"-"},"breakpoint1":{"estimate":11.5271820876,"se":0.0121148014,"confidence_interval":[11.5034319216,11.5509322536],"t_stat":"-","p_t":"-"},"beta2":{"estimate":-8369.8790043257,"se":27.7242073321,"confidence_interval":[-8424.2302482602,-8315.5277603913],"t_stat":-301.8978650704,"p_t":"-"},"breakpoint2":{"estimate":16.4223834145,"se":0.0099894893,"confidence_interval":[16.4027997646,16.4419670643],"t_stat":"-","p_t":"-"},"alpha1":{"estimate":719.1065022176,"se":7.8194598809,"confidence_interval":[703.7770334132,734.4359710221],"t_stat":91.9637050598,"p_t":0.0},"alpha2":{"estimate":8519.8935944081,"se":27.4375765409,"confidence_interval":[8466.1042687953,8573.682920021],"t_stat":310.5191736489,"p_t":0.0},"alpha3":{"estimate":150.0145900824,"se":3.9763130856,"confidence_interval":[142.2193243824,157.8098557824],"t_stat":37.7270569126,"p_t":3.450014946e-275}}},"converged":{"0":true,"1":true,"2":true},"rss":{"0":421844490345.7678222656,"1":177565783781.1801757812,"2":5665240360.2486886978},"davies":{"0":null,"1":0.0,"2":0.0}},"best_n_breakpoint_bic":1,"min_bic_n_breakpoint":2,"best_n_breakpoint_rss":1}}